{"_runtime":107.488298223,"timer/eval/data_loading:t":1.722097396850586,"lr/obs_encoder":0.0001,"timer/eval/data_augmentation:%":0.008241050745900225,"_step":4,"eval_epoch_loss":0.16225453466176987,"train_epoch_loss":5.373965849426367,"timer/train/step_schedulers:%":0.006957693862350338,"timer/eval:t":1.9775118827819824,"timer/eval/eval_step:%":0.8690098246065798,"timer/eval/eval_step:t":0.1788780689239502,"timer/eval/data_augmentation:t":0.0016963481903076172,"eval_loss_l1_actions_hand":0.028685503639280796,"lr/embeds":0.0001,"_wandb":{"runtime":107},"train_loss_l2_actions_hand":0.026941897483860573,"train_loss_l1_actions_hand":0.03650569431049194,"_timestamp":1.733611712912096e+09,"timer/train/train_step:t":5.766907691955566,"timer/train/data_loading:%":60.945447394541134,"timer/eval/data_loading:%":8.366143294116279,"lr/projs":0.0001,"eval_loss_l2_actions_hand":0.02131809201091528,"timer/eval:%":9.606975660858721,"timer/train/data_loading:t":12.545087099075317,"lr/act_decoder":0.0001,"timer/train/step_schedulers:t":0.001432180404663086,"timer/train:%":89.5233948431153,"train_loss_kl":0.5337460178206354,"timer/train/train_step:%":28.01628769840576,"timer/train:t":18.427607536315918,"timer/train/data_augmentation:t":0.006990194320678711,"timer/train/data_augmentation:%":0.033959152047652666,"eval_loss_kl":0.013356903567910194,"lr/act_encoder":0.0001}